natid,name,gender,salary,tax
s12345678h,lewies,M,4000,400
s87654321a,tester,F,2500,250
s25252525b,testerb,M,4500,420
s1433328c,testerc,F,2800,300
s19191919d,testerd,F,3200,300
s24242424e,testere,M,5000,550
s11281128f,testerf,F,10000,2200
s09881424g,testerg,M,8000,2000
s99123456h,testerh,M,1500,100
s14867732i,testeri,F,4000,400