name,gender,birthday,salary,tax
lewies,M,17061995,4000,400
tester,F,04071997,2500,250
testerb,M,02051980,4500,420
testerc,F,06061999,2800,300
testerd,F,07081988,3200,300
testere,M,04041992,5000,550
testerf,F,12121960,10000,2200
testerg,M,20021988,8000,2000
testerh,M,09091999,1500,100
testeri,F,01071995,4000,400