natid,gender,birthday,salary,tax
s12345678h,M,17061995,4000,400
s87654321a,F,04071997,2500,250
s25252525b,M,02051980,4500,420
s1433328c,F,06061999,2800,300
s19191919d,F,07081988,3200,300
s24242424e,M,04041992,5000,550
s11281128f,F,12121960,10000,2200
s09881424g,M,20021988,8000,2000
s99123456h,M,09091999,1500,100
s14867732i,F,01071995,4000,400